store_location,total_transactions,revenue_by_location,total_profit
South,817,373843.12600000005,42913.079400000024
Central,1110,477066.65380000026,41037.520499999984
East,1441,645660.4469999976,84218.28160000005
West,1668,683738.5894999993,97242.66629999997
